Policy_State,Policy_Number,Deductable,CSL,Policy_Start_Date,Policy_Premium,Umbrella_Limit
OH,521585,1000,250/500,2014-10-17,1406.91,0
IN,342868,2000,250/500,2006-06-27,1197.22,5000000
OH,687698,2000,100/300,2000-09-06,1413.14,5000000
IL,227811,2000,250/500,1990-05-25,1415.74,6000000
IL,367455,1000,500/1000,2014-06-06,1583.91,6000000
OH,104594,1000,250/500,2006-10-12,1351.1,0
IN,413978,1000,250/500,2000-06-04,1333.35,0
IL,429027,1000,100/300,1990-02-03,1137.03,0
IL,485665,500,100/300,1997-02-05,1442.99,0
IL,636550,500,100/300,2011-07-25,1315.68,0
OH,543610,500,100/300,2002-05-26,1253.12,4000000
OH,214618,2000,100/300,1999-05-29,1137.16,0
OH,842643,500,500/1000,1997-11-20,1215.36,3000000
OH,626808,1000,100/300,2012-10-26,936.61,0
OH,644081,2000,250/500,1998-12-28,1301.13,0
IN,892874,2000,100/300,1992-10-19,1131.4,0
OH,558938,1000,500/1000,2005-06-08,1199.44,5000000
IN,275265,500,500/1000,2004-11-15,708.64,6000000
OH,921202,500,500/1000,2014-12-28,1374.22,0
IN,143972,2000,500/1000,1992-08-02,1475.73,0
IN,183430,1000,250/500,2002-06-25,1187.96,4000000
IL,431876,2000,500/1000,2005-11-27,875.15,0
IL,285496,2000,100/300,1994-05-27,972.18,0
IN,115399,2000,100/300,1991-02-08,1268.79,0
IN,736882,1000,100/300,1996-02-02,883.31,0
OH,699044,2000,100/300,2013-12-05,1266.92,0
IN,863236,2000,100/300,1990-09-20,1322.1,0
IN,608513,500,100/300,2002-07-18,848.07,3000000
OH,914088,2000,100/300,1990-02-08,1291.7,0
IL,596785,2000,500/1000,2014-03-04,1104.5,0
IL,908616,1000,250/500,2000-02-18,954.16,0
IL,666333,2000,100/300,2008-06-19,1337.28,8000000
IL,336614,1000,500/1000,2003-08-01,1088.34,0
IL,584859,1000,100/300,1992-04-04,1558.29,0
IL,990493,500,500/1000,1991-01-13,1415.68,0
OH,129872,1000,100/300,2010-08-08,1334.15,6000000
IL,200152,1000,100/300,2003-03-09,988.45,0
IL,933293,2000,500/1000,1993-02-03,1222.48,0
IN,485664,2000,500/1000,2002-11-25,1155.55,0
IN,982871,500,250/500,1997-07-27,1262.08,0
IL,206213,500,100/300,1995-05-08,1451.62,0
IN,616337,500,250/500,2012-08-30,1737.66,0
IL,448961,500,500/1000,2006-04-30,1475.93,0
OH,790442,500,250/500,2003-04-13,538.17,0
IL,108844,2000,100/300,2007-12-05,1081.08,0
IL,430029,1000,250/500,2006-08-21,1454.43,0
IN,529112,500,100/300,1990-01-08,1240.47,0
OH,939631,2000,500/1000,1990-03-18,1273.7,4000000
IN,866931,1000,500/1000,2008-01-07,1123.87,8000000
IL,582011,1000,100/300,1997-03-10,1245.89,0
OH,691189,2000,250/500,2004-01-10,1326.62,7000000
IL,537546,2000,100/300,1994-08-20,1073.83,0
IN,394975,1000,100/300,2002-06-02,1530.52,0
IN,729634,500,100/300,1994-04-28,1201.41,0
OH,282195,1000,250/500,2014-08-17,1393.57,0
OH,420810,1000,100/300,2007-08-11,1276.57,0
IN,524836,500,250/500,2008-11-20,1082.49,0
IN,307195,1000,500/1000,1995-10-18,1414.74,0
IL,623648,2000,250/500,1993-05-19,1470.06,0
OH,485372,2000,250/500,2005-02-26,870.63,0
IN,598554,500,100/300,1990-02-14,795.23,0
IL,303987,1000,500/1000,1993-09-30,1168.2,0
IL,343161,1000,500/1000,2014-06-10,993.51,0
OH,519312,500,500/1000,2008-10-28,1848.81,0
OH,132902,2000,250/500,2007-04-24,1641.73,5000000
IN,332867,500,100/300,1993-12-13,1362.87,0
IN,356590,500,250/500,2011-08-17,1239.22,7000000
OH,346002,500,250/500,1990-08-20,835.02,0
OH,500533,1000,100/300,1994-02-11,1061.33,0
IN,348209,1000,500/1000,1994-02-22,1279.08,0
OH,486676,500,100/300,2011-08-15,1105.49,0
OH,260845,2000,100/300,1998-11-11,1055.53,0
OH,657045,1000,250/500,1995-12-04,895.83,0
IN,761189,500,100/300,2002-12-28,1632.93,0
IL,175177,1000,100/300,2004-04-15,1405.99,0
OH,116700,1000,100/300,2001-02-02,1425.54,0
OH,166264,1000,500/1000,2010-01-12,1038.09,0
IN,527945,500,250/500,1992-04-14,1307.11,0
OH,627540,1000,500/1000,2010-05-21,1489.24,6000000
OH,279422,500,500/1000,2013-10-27,976.67,0
OH,484200,2000,250/500,1994-10-12,1340.43,0
OH,645258,2000,500/1000,1997-07-04,1267.81,5000000
IL,694662,1000,250/500,2011-02-15,1234.2,6000000
IN,960680,2000,250/500,1994-08-21,1318.06,0
IN,498140,2000,500/1000,1997-05-15,769.95,0
OH,498875,2000,100/300,1996-10-26,1514.72,0
IL,798177,1000,500/1000,2006-03-04,873.64,4000000
IL,614763,500,500/1000,1991-01-02,1612.43,0
IL,679370,2000,500/1000,1999-08-15,1318.24,9000000
IN,958857,1000,100/300,1992-01-15,1226.83,0
OH,686816,2000,250/500,1999-12-07,1326.44,5000000
IL,127754,2000,250/500,1993-06-06,1136.83,4000000
IL,918629,2000,250/500,2000-10-03,1322.78,0
IN,731450,1000,100/300,2010-12-29,1483.25,0
IL,307447,500,100/300,1990-03-17,1515.3,0
IL,992145,2000,100/300,2012-03-01,1075.18,5000000
IN,900628,1000,500/1000,2006-02-05,1690.27,0
IL,235220,2000,250/500,2014-11-01,1352.83,0
OH,740019,1000,250/500,2009-06-17,1148.73,0
IL,246882,1000,100/300,1999-09-20,969.5,0
IN,797613,500,100/300,1990-10-19,1463.82,0
IL,193442,1000,100/300,1996-08-05,1474.17,0
IL,389238,500,250/500,2001-06-06,1497.35,0
OH,760179,1000,100/300,2007-03-25,1427.14,0
OH,939905,500,500/1000,2013-10-31,1495.1,0
IL,872814,500,100/300,1992-06-13,1141.62,0
OH,632627,1000,500/1000,1990-10-07,1125.37,0
IN,283414,2000,500/1000,1991-12-28,1207.36,0
IL,163161,2000,500/1000,1998-11-11,1338.5,0
IN,853360,1000,500/1000,2009-06-26,1074.07,0
OH,776860,500,250/500,2009-01-11,1337.56,0
IN,149367,500,100/300,2003-03-18,1298.91,6000000
IL,395269,500,500/1000,2012-11-02,1222.75,0
IN,981123,1000,100/300,2000-05-04,1059.52,0
OH,143626,2000,250/500,1999-09-29,1124.38,0
IN,648397,1000,100/300,1999-03-09,1110.37,10000000
IL,154982,2000,500/1000,1991-02-13,1374.22,0
OH,330591,2000,500/1000,1993-08-05,1103.58,0
IL,319232,2000,250/500,1997-10-31,1269.76,0
OH,531640,500,250/500,2001-04-21,964.79,8000000
IL,368050,2000,500/1000,2013-01-08,1167.3,4000000
IL,253791,500,500/1000,2009-07-23,1625.45,4000000
IL,155724,500,250/500,1998-02-20,1394.43,0
OH,824540,2000,250/500,2008-03-13,1053.24,0
IL,717392,500,100/300,1996-08-20,1040.75,0
IN,965768,1000,250/500,2014-07-27,1302.4,6000000
IL,414779,2000,100/300,1992-11-09,1588.55,0
IN,428230,500,500/1000,2012-06-04,1399.26,0
OH,517240,2000,100/300,2001-05-13,1352.31,0
IL,469874,1000,250/500,2011-09-17,1139.0,6000000
IN,718428,1000,250/500,2011-07-15,1397.67,0
IN,620215,500,250/500,2005-07-27,823.17,0
OH,618659,500,100/300,2005-10-18,965.13,0
IL,649082,1000,500/1000,1996-01-19,1922.84,0
OH,437573,2000,250/500,2005-09-29,1624.82,0
IN,964657,2000,250/500,1997-02-18,1277.25,0
IL,932502,1000,100/300,2010-05-11,1439.34,0
IL,434507,1000,250/500,2009-02-06,1281.27,0
IL,935277,500,500/1000,2013-07-09,1348.83,0
IL,756054,1000,250/500,1992-06-06,1198.15,0
OH,682387,2000,100/300,1998-03-08,1221.22,0
IL,456604,2000,500/1000,2004-03-29,968.74,0
IN,139872,1000,250/500,2006-06-01,1220.71,0
IN,354105,2000,250/500,1994-06-08,1238.62,6000000
IL,165485,2000,500/1000,1998-02-12,1320.75,0
OH,515050,500,100/300,2000-11-16,990.98,0
IL,795686,500,500/1000,2004-10-24,1398.51,4000000
OH,395983,500,100/300,2009-11-08,1355.08,0
IL,119513,1000,100/300,1996-09-21,1384.51,0
OH,217938,500,250/500,1995-07-16,847.03,0
OH,203914,1000,100/300,2001-06-09,1000.06,0
IL,565157,1000,100/300,2002-10-06,1046.71,0
IN,904191,500,250/500,1997-07-14,1158.03,0
OH,419510,1000,100/300,1994-11-11,1372.27,0
OH,575000,1000,100/300,2012-06-23,1053.04,7000000
OH,120485,1000,100/300,2007-02-18,1275.39,0
OH,781181,2000,100/300,2005-06-27,1402.75,0
IN,299796,500,250/500,1999-09-29,1344.36,7000000
IN,589749,1000,100/300,2006-05-14,1197.71,0
OH,854021,500,100/300,2010-04-29,1203.24,0
IN,454086,1000,500/1000,1992-11-10,1152.4,0
IN,139484,2000,500/1000,1999-07-24,1142.62,7000000
OH,678849,1000,500/1000,1992-02-22,1332.07,0
OH,346940,1000,500/1000,2002-09-13,1166.54,0
IL,985436,500,250/500,2003-08-09,1495.06,0
IN,237418,1000,500/1000,2007-12-04,1337.92,0
OH,335780,2000,250/500,2002-07-22,1587.96,0
IL,491392,1000,500/1000,1992-07-03,1362.29,0
IL,140880,500,250/500,2005-03-29,1448.84,0
IN,962591,2000,250/500,2008-03-16,1241.97,0
IL,922565,500,250/500,1999-05-23,1124.6,0
OH,288580,2000,250/500,2012-11-22,1079.92,0
IL,154280,1000,250/500,1993-01-29,1447.78,0
IN,425973,500,250/500,2003-02-11,1229.16,4000000
IL,477177,1000,100/300,1990-08-15,1226.49,0
IN,648509,2000,100/300,2010-03-06,897.89,6000000
IN,914815,500,100/300,1990-09-27,1706.79,0
IL,249048,1000,250/500,2005-06-17,1254.18,0
IN,144323,500,500/1000,2001-09-14,885.08,0
IL,651861,500,100/300,2011-01-07,1046.58,4000000
OH,125324,2000,500/1000,2003-09-13,1712.68,0
IL,398102,2000,500/1000,1997-10-24,1097.71,0
IN,514065,500,250/500,2009-01-04,1363.77,4000000
OH,391652,500,100/300,1998-10-12,1382.88,7000000
OH,922167,1000,100/300,1993-02-23,1141.35,7000000
OH,442795,500,500/1000,1996-07-07,1054.83,7000000
IL,226330,2000,100/300,2013-01-23,1057.77,0
IN,134430,2000,250/500,2006-12-06,1488.02,0
IN,524230,500,100/300,2014-02-23,920.3,5000000
OH,438817,1000,500/1000,2007-11-16,986.53,0
OH,293794,2000,250/500,1999-04-17,1440.68,0
IN,868283,1000,250/500,2006-02-06,1086.21,0
OH,828890,2000,100/300,1993-10-20,1367.68,0
OH,882920,1000,500/1000,2006-01-01,1215.85,0
IL,918777,2000,250/500,2003-04-04,1191.19,4000000
IL,212580,1000,500/1000,2014-07-05,1594.45,0
IN,602410,2000,250/500,1996-01-16,1463.07,0
OH,976971,500,250/500,2002-04-19,1734.09,0
IL,630226,500,250/500,2005-12-10,1411.43,0
OH,171254,2000,100/300,1994-11-07,1512.58,0
IL,247116,2000,250/500,2012-06-02,1153.35,0
OH,505969,500,250/500,1998-04-07,1722.95,0
IN,653864,2000,250/500,2007-04-25,1281.07,7000000
IL,586367,500,100/300,2000-06-30,1011.92,0
IL,896890,2000,250/500,1996-06-04,1042.26,0
OH,650026,500,500/1000,2009-05-09,1235.1,0
OH,547744,2000,100/300,2001-07-08,768.91,0
OH,598124,500,500/1000,1993-09-20,1301.72,0
IN,436126,500,250/500,2009-11-03,1451.54,3000000
IN,739447,500,250/500,2014-12-10,767.14,0
OH,427484,2000,250/500,1994-01-08,1620.89,0
IN,218684,2000,500/1000,2006-08-05,1048.46,0
OH,565564,1000,100/300,2007-02-07,1538.26,6000000
OH,743163,2000,500/1000,2001-04-09,1217.69,0
IN,604614,2000,100/300,1995-02-17,1362.64,5000000
OH,509928,1000,100/300,1995-07-25,1279.13,0
IL,593390,2000,100/300,2006-03-24,924.72,0
OH,970607,1000,250/500,1995-03-28,1019.44,0
IL,174701,500,500/1000,1996-06-19,1314.6,0
OH,529398,1000,100/300,1993-06-16,1515.18,6000000
OH,940942,2000,250/500,2001-07-11,1649.18,0
OH,442677,500,250/500,2008-11-22,1451.01,0
IL,365364,1000,500/1000,2002-12-28,978.46,0
IL,114839,500,250/500,2006-01-01,1198.34,4000000
IN,872734,2000,100/300,1990-05-19,1003.23,0
IN,267885,2000,500/1000,2013-08-26,1212.0,0
IL,740505,1000,250/500,1997-10-12,1242.96,7000000
IL,629663,1000,500/1000,2002-01-21,1053.02,0
IL,839884,500,100/300,1996-09-02,1693.63,0
IL,241562,1000,250/500,2010-01-28,2047.59,0
OH,405533,1000,100/300,2014-10-03,1083.72,0
OH,667021,1000,500/1000,2007-05-02,1138.42,6000000
IN,511621,500,250/500,1990-09-22,1072.62,0
IL,476923,2000,100/300,2004-09-19,1219.04,0
IN,735822,2000,100/300,1995-08-28,1371.78,0
IN,492745,2000,100/300,2004-02-04,1506.21,0
IN,130930,1000,100/300,2014-07-23,1058.21,3000000
IL,261119,2000,500/1000,1997-03-21,932.14,0
OH,280709,2000,500/1000,1991-05-06,1608.34,0
IN,898573,1000,500/1000,1992-08-07,1728.56,0
IL,547802,1000,250/500,2013-09-03,1518.46,0
IL,600845,2000,100/300,2012-01-05,1540.19,0
OH,390381,2000,500/1000,2007-01-27,965.21,0
IL,629918,2000,100/300,2005-10-14,1278.75,0
OH,208298,1000,250/500,1990-11-03,773.99,0
IN,513099,1000,500/1000,2005-10-15,1532.47,0
IL,184938,1000,250/500,1999-05-22,1340.56,0
OH,187775,500,100/300,2002-12-21,1297.75,4000000
IL,326322,1000,250/500,2007-02-10,433.33,0
IN,146138,2000,250/500,2002-03-01,1025.54,0
OH,336047,500,250/500,2003-04-21,1264.77,0
OH,532330,500,250/500,2002-09-22,1459.97,5000000
OH,118137,500,100/300,1998-02-10,1238.65,0
OH,212674,500,250/500,1992-09-01,1050.76,0
OH,935596,1000,500/1000,1999-05-01,1711.72,0
IL,737593,500,100/300,1997-12-19,865.33,7000000
IL,812025,500,250/500,2000-06-18,1153.49,0
OH,168151,2000,500/1000,1995-04-24,1281.25,0
IL,594739,500,100/300,2006-06-16,1342.8,0
OH,843227,2000,250/500,2007-09-28,1443.32,0
OH,283925,1000,250/500,1991-11-21,1629.94,0
IL,475588,2000,100/300,1996-09-21,1134.08,0
OH,751905,500,250/500,2001-05-16,1483.91,8000000
IN,226725,2000,500/1000,1999-08-11,1304.67,7000000
IL,942504,2000,500/1000,2003-06-16,1035.79,0
IL,395572,500,250/500,1999-03-30,1401.2,0
IL,889883,1000,250/500,1999-02-03,1665.45,0
IN,818167,2000,500/1000,2011-08-25,653.66,0
OH,277767,500,100/300,2010-06-28,1080.13,0
IN,842618,2000,100/300,2001-11-06,1346.18,0
OH,577810,2000,250/500,2013-04-15,1589.54,0
IL,873114,1000,100/300,1995-12-07,1251.65,0
IL,994538,2000,100/300,1991-11-01,1083.01,0
OH,727792,500,100/300,2014-05-19,974.59,0
IL,522506,2000,500/1000,1992-03-15,1399.85,0
IN,367595,500,500/1000,2006-02-03,1307.74,0
IN,586104,2000,250/500,2003-03-16,1219.27,0
OH,424862,500,100/300,2002-10-16,1411.3,0
IL,512813,2000,100/300,1990-01-27,694.45,0
IL,356768,500,100/300,2010-03-11,1006.77,6000000
OH,330506,1000,250/500,1995-09-19,1422.36,0
IN,779075,1000,100/300,2010-02-27,1348.32,0
OH,799501,2000,250/500,1991-12-28,1315.56,0
OH,987905,2000,250/500,2002-04-30,1407.01,5000000
OH,967756,2000,250/500,2007-04-28,1388.58,0
IL,830414,500,500/1000,1996-07-08,1310.76,0
IN,127313,1000,100/300,2002-04-01,1004.63,6000000
OH,786957,500,100/300,2006-10-29,1134.91,0
IN,332892,1000,250/500,2007-10-25,1194.0,0
IN,448642,1000,500/1000,2001-03-28,1248.25,4000000
OH,526039,500,100/300,1995-05-04,1338.54,-1000000
IL,444422,2000,250/500,2011-09-28,782.23,0
IL,689500,2000,250/500,2003-01-28,1366.9,0
IL,806081,1000,500/1000,2011-02-01,1275.81,0
IN,384618,500,250/500,1993-02-09,1090.65,0
IN,756459,500,250/500,2005-08-05,1326.0,0
IL,655787,2000,250/500,2006-06-17,972.47,0
IL,419954,500,100/300,1993-12-07,806.31,0
IL,275092,500,500/1000,2012-03-14,1416.24,0
IN,515698,2000,250/500,1997-08-05,1097.64,0
IL,132871,500,100/300,2009-07-05,947.75,0
IL,714929,2000,100/300,1994-11-25,1018.73,5000000
IL,297816,2000,100/300,1997-02-03,1400.74,0
IL,426708,500,250/500,2009-10-09,1155.53,5000000
IN,615047,500,250/500,2002-11-20,1386.93,0
OH,771236,500,100/300,1995-05-29,915.29,0
IL,235869,500,250/500,2011-01-22,1239.55,2000000
IN,931625,500,250/500,2012-10-18,1366.42,0
OH,371635,1000,500/1000,1991-10-13,1086.48,6000000
IL,427199,2000,250/500,2010-10-01,1247.87,0
OH,261315,2000,100/300,2013-04-10,1312.75,0
IN,582973,2000,100/300,2008-06-11,765.64,0
OH,278091,2000,100/300,2013-12-04,1327.41,0
OH,153154,1000,500/1000,2010-08-21,1338.55,0
IL,515217,2000,250/500,2010-06-18,1316.63,8000000
IL,860497,1000,500/1000,1992-04-10,1286.44,0
OH,351741,1000,500/1000,1997-02-03,1372.18,0
IN,403737,2000,500/1000,1991-12-06,1447.77,0
IL,162004,500,250/500,1995-09-19,903.32,0
IN,740384,1000,500/1000,1993-10-29,1454.42,0
IL,876714,2000,100/300,1991-11-03,1603.42,0
IN,951543,2000,250/500,2002-07-09,1616.58,0
IL,576723,500,250/500,1999-12-07,1611.83,0
OH,391003,500,500/1000,2005-07-01,889.13,0
IL,225865,1000,250/500,1991-11-04,1252.08,0
IL,984948,2000,500/1000,1993-04-14,995.56,0
IL,890328,2000,100/300,2009-08-23,1347.92,0
IN,803294,1000,100/300,1993-06-18,1724.09,0
IN,414913,500,250/500,2012-07-17,1379.93,0
IN,414519,1000,250/500,1999-01-25,1554.64,4000000
OH,818413,1000,500/1000,1990-02-23,1377.94,0
IL,487356,2000,500/1000,2000-08-30,1313.33,0
IN,159768,500,250/500,2008-09-03,1259.02,0
IL,865839,1000,500/1000,1991-08-02,1371.88,0
OH,406567,500,100/300,2001-09-25,1399.27,6000000
IL,623032,1000,500/1000,2007-03-11,1061.98,6000000
OH,935442,500,250/500,2010-11-20,1365.46,4000000
IL,106873,1000,500/1000,1998-08-28,894.4,0
IN,563878,500,250/500,2002-07-16,956.69,0
IN,620855,2000,500/1000,1990-04-29,1123.89,0
IL,583169,500,100/300,1998-02-01,1085.03,0
OH,337677,2000,100/300,2008-07-20,1437.33,0
IL,445973,1000,250/500,1998-11-13,988.29,0
IL,156694,500,500/1000,2001-05-24,1238.89,0
IN,421940,1000,100/300,2014-06-03,1384.64,5000000
IN,613226,2000,100/300,1991-08-22,1595.07,0
OH,804410,1000,250/500,1998-12-12,1127.89,6000000
IN,553565,2000,500/1000,1999-02-18,929.7,6000000
IL,399524,1000,100/300,1997-10-30,1829.63,0
IL,331595,1000,100/300,1999-11-29,904.7,7000000
OH,380067,1000,500/1000,2013-07-07,1243.84,0
IL,701521,2000,500/1000,2003-07-05,1030.95,0
IN,360770,500,100/300,2005-09-21,1285.03,3000000
OH,958785,500,100/300,1995-02-18,1216.56,0
IN,797934,2000,500/1000,1999-04-07,966.26,0
OH,883980,500,100/300,2014-12-13,1203.17,0
IL,340614,2000,250/500,1997-06-01,1212.12,0
OH,435784,1000,250/500,2013-07-13,1573.93,0
IL,563837,1000,100/300,2002-12-30,1609.67,0
OH,200827,500,500/1000,1997-02-28,1097.57,0
IN,533941,2000,250/500,1998-06-18,1618.65,2000000
IN,265026,500,100/300,1996-02-08,922.67,0
IN,354481,1000,100/300,2004-11-17,1342.02,0
OH,566720,500,100/300,2012-10-25,1195.01,0
OH,832746,1000,500/1000,2006-04-13,994.74,0
IN,386690,1000,100/300,2006-02-21,1050.24,0
IL,979285,2000,250/500,2003-12-17,1313.51,7000000
OH,594722,2000,500/1000,1999-07-31,1102.29,0
IN,216738,1000,250/500,2014-08-05,1185.78,0
IL,369048,500,500/1000,2011-06-05,1527.95,0
IN,514424,1000,100/300,1992-10-11,1366.39,0
OH,954191,1000,500/1000,2010-02-17,1403.9,0
IL,150181,2000,500/1000,2007-05-06,927.23,0
OH,388671,2000,250/500,1997-05-01,1554.86,6000000
IL,457244,2000,500/1000,1998-01-28,736.07,6000000
IL,206667,1000,250/500,1993-05-05,974.16,6000000
OH,745200,500,500/1000,1994-08-06,973.8,0
OH,412703,2000,100/300,2014-11-14,1260.32,6000000
IN,736771,1000,100/300,1991-12-14,1464.03,0
OH,347984,2000,100/300,2009-10-21,617.11,0
IN,626074,2000,250/500,1997-09-29,1724.46,6000000
IL,218109,500,500/1000,2003-12-31,1161.31,0
OH,999435,2000,250/500,2008-01-01,1091.73,0
IL,858060,2000,250/500,2004-05-31,1209.07,0
IL,500384,2000,250/500,2013-12-18,1241.04,0
OH,903785,500,500/1000,2000-08-24,1757.21,0
OH,873859,1000,250/500,1992-10-14,802.24,0
IN,204294,1000,500/1000,1991-11-16,1342.72,0
OH,467106,2000,100/300,1995-10-08,1209.41,5000000
OH,357713,1000,500/1000,2007-10-28,1141.71,2000000
IL,890026,500,100/300,2008-05-16,1090.03,0
IN,751612,1000,250/500,2009-06-22,1464.73,3000000
OH,876680,1000,100/300,2012-05-10,1118.58,0
OH,756981,2000,250/500,2003-10-02,1117.04,0
IN,121439,500,500/1000,1990-08-02,1257.83,7000000
OH,411289,2000,250/500,1997-09-16,1082.72,0
IN,538466,1000,100/300,1995-07-29,1191.8,6000000
IN,932097,1000,100/300,2005-09-06,1242.02,0
OH,463727,500,250/500,1992-08-05,1075.71,0
IN,552618,1000,100/300,1993-01-22,969.88,6000000
OH,936638,2000,250/500,1995-05-20,1459.93,0
IL,348814,1000,500/1000,1992-09-24,1245.61,0
IN,944102,2000,100/300,2007-07-20,1462.76,0
IN,689901,2000,100/300,1992-04-28,1398.46,0
OH,901083,1000,500/1000,1998-01-19,1269.64,0
IN,396224,500,100/300,2009-09-08,1455.65,4000000
OH,682178,2000,500/1000,1994-12-18,1140.31,0
IN,596298,500,500/1000,1996-08-23,1330.46,0
OH,253005,2000,250/500,1991-11-20,1190.6,0
OH,985924,500,250/500,1998-10-28,972.5,0
IN,631565,2000,100/300,1997-07-14,1161.91,0
OH,630998,1000,250/500,2003-04-09,1117.17,0
OH,926665,2000,250/500,1992-02-04,1101.51,0
IL,302669,1000,100/300,2006-06-29,1523.17,0
OH,620020,1000,500/1000,1997-06-21,984.45,0
OH,439828,2000,500/1000,2006-09-07,1257.0,4000000
OH,971295,500,500/1000,2001-10-01,1434.51,0
OH,165565,2000,250/500,2009-02-20,1628.0,0
IN,936543,500,500/1000,2001-06-26,1412.31,0
IL,296960,500,250/500,1997-01-18,1362.87,5000000
IN,501692,1000,100/300,2014-06-24,1134.68,0
IN,525224,1000,250/500,1992-10-02,1306.78,0
IN,355085,500,500/1000,2012-10-09,1021.9,0
IN,830729,1000,100/300,1993-02-10,1538.6,0
IN,651948,1000,500/1000,1994-09-28,1354.5,0
OH,424358,500,500/1000,2003-05-24,1282.93,0
IL,131478,1000,500/1000,1991-12-25,1346.27,0
IN,268833,1000,100/300,1999-09-18,1338.4,4000000
IL,287489,1000,100/300,1994-02-03,949.44,0
IN,808153,2000,500/1000,2003-01-18,977.4,0
IN,687639,2000,250/500,2005-03-07,1181.46,10000000
OH,497347,500,500/1000,2003-08-23,1187.53,0
OH,439660,1000,100/300,2002-07-11,845.16,0
IL,847123,500,100/300,2014-03-19,1442.27,0
OH,172307,2000,100/300,1993-12-06,1276.43,0
OH,810189,500,250/500,1999-08-29,1075.41,0
IL,432068,500,100/300,2007-03-09,1111.72,0
OH,903203,2000,500/1000,2004-01-03,814.96,6000000
IL,253085,1000,500/1000,1991-04-25,1575.86,0
IN,180720,1000,250/500,1995-03-14,1115.27,0
IN,492224,2000,500/1000,2005-12-09,1175.7,0
OH,411477,500,100/300,2001-12-25,793.15,0
IN,107181,500,250/500,1999-11-14,942.51,0
IN,312940,1000,500/1000,2001-10-27,1056.71,0
IN,855186,2000,500/1000,1993-10-31,1255.68,6000000
IN,373935,500,500/1000,2003-02-13,1335.13,0
IN,812989,500,250/500,2004-03-06,1178.95,6000000
IL,993840,500,250/500,2013-07-12,1793.16,0
OH,327856,500,100/300,2014-08-27,1008.38,0
IL,506333,500,100/300,1990-06-22,1396.83,0
OH,263159,500,100/300,2008-03-07,1402.78,5000000
IN,372912,1000,100/300,1992-08-05,1437.88,0
IL,552788,1000,500/1000,1991-09-03,1313.64,0
IL,722747,500,250/500,2011-09-02,1482.14,0
IL,248467,2000,250/500,2012-10-06,1171.75,0
IL,955953,2000,500/1000,2014-01-18,1353.33,0
IN,910622,500,100/300,1992-03-22,1175.51,0
IL,137675,2000,100/300,2012-12-03,1836.02,0
OH,343421,500,500/1000,1996-10-18,1480.79,9000000
IN,413192,2000,500/1000,1997-10-02,1453.92,0
OH,247801,500,250/500,2008-03-18,1340.71,0
IL,171147,2000,100/300,2010-08-29,714.03,0
IL,431283,2000,100/300,2005-03-31,1376.16,0
IL,461962,500,100/300,2013-12-25,914.22,0
OH,149467,1000,500/1000,2014-03-11,1601.47,0
IL,758740,1000,500/1000,1997-08-04,1096.79,6000000
IN,628337,2000,100/300,2007-11-14,1078.22,0
IL,574637,1000,250/500,1992-07-30,1595.28,0
OH,373600,1000,100/300,2000-12-01,1217.84,5000000
IL,930032,2000,100/300,2002-09-10,1117.42,0
OH,396590,2000,100/300,1997-11-07,1567.37,0
IL,238412,2000,500/1000,1993-05-18,1294.93,6000000
IL,484321,1000,250/500,1996-07-11,1152.12,0
IL,795847,1000,100/300,1995-12-17,1441.21,0
IL,218456,1000,500/1000,2002-07-16,1575.74,7000000
OH,792673,2000,500/1000,2013-04-12,1233.96,0
IL,662256,1000,250/500,1995-11-13,1861.43,0
OH,971338,1000,100/300,2004-11-04,1570.86,0
IL,714738,2000,500/1000,1998-03-21,791.47,0
IN,753844,1000,250/500,1999-07-22,1012.78,0
IL,976645,500,100/300,2010-02-28,1047.06,6000000
OH,918037,1000,250/500,2005-01-30,1390.29,0
IN,996253,500,500/1000,2001-11-29,951.46,0
IL,373731,1000,100/300,2012-12-24,1226.78,0
OH,836272,500,100/300,1997-05-11,1280.9,0
IN,167231,2000,100/300,1994-01-26,1472.77,0
OH,743330,1000,500/1000,2010-11-04,1878.44,0
IN,807369,500,500/1000,1992-06-19,1418.5,0
IL,735307,500,100/300,2010-06-02,1532.8,0
OH,789208,500,250/500,2002-10-12,1304.35,0
OH,585324,2000,500/1000,2008-02-25,1551.61,0
IL,498759,1000,100/300,1996-09-05,1326.98,6000000
OH,795004,500,250/500,1998-03-16,862.92,0
IN,203250,2000,100/300,2010-04-22,1331.69,0
OH,430794,2000,250/500,2008-01-25,1486.04,0
IN,156636,1000,100/300,2000-09-10,870.55,0
IL,284143,2000,500/1000,2008-04-23,1344.56,6000000
OH,740518,1000,500/1000,2011-02-18,1377.04,0
IL,445289,500,250/500,2012-04-24,1237.88,0
IN,599262,1000,100/300,2001-09-25,1525.86,0
OH,357949,500,500/1000,2006-05-24,854.58,0
IN,493161,1000,250/500,1992-01-30,770.76,0
IL,320251,2000,100/300,2009-01-24,1132.74,0
IL,231127,500,500/1000,1995-08-29,1173.37,8000000
OH,766193,2000,100/300,2011-07-31,1188.28,6000000
IL,555374,1000,100/300,2013-01-05,876.88,6000000
IL,491484,1000,500/1000,1994-11-18,1143.95,0
IL,925128,2000,100/300,2014-08-30,1409.06,0
IN,265093,1000,500/1000,2006-01-01,1070.63,0
IL,267808,2000,500/1000,1998-09-10,916.13,0
OH,116735,500,250/500,2010-01-28,1191.5,0
OH,963680,1000,500/1000,2003-01-04,1474.66,0
IL,445694,1000,250/500,2004-05-24,1193.45,0
IL,215534,1000,250/500,1994-09-12,1437.53,0
IL,232854,2000,100/300,1997-07-07,1304.83,0
OH,168260,1000,250/500,1991-03-01,1168.8,0
IN,538955,1000,100/300,2001-09-29,1164.97,0
IL,243226,1000,250/500,2012-01-10,1232.72,0
IL,246435,2000,250/500,2001-07-05,1800.76,0
IL,582480,500,500/1000,1991-08-07,1187.01,7000000
IN,345539,1000,100/300,2012-07-24,1559.34,0
IL,924318,2000,250/500,2014-07-27,1137.02,0
IN,726880,1000,100/300,1994-08-08,1281.72,0
OH,190588,1000,100/300,2001-12-09,796.35,0
OH,246705,500,250/500,1990-03-14,1270.02,0
IL,619589,1000,100/300,2006-03-28,1383.13,0
IL,164988,2000,100/300,2013-12-23,1290.74,5000000
IN,729534,1000,100/300,1991-09-30,1216.68,0
IL,505014,500,100/300,2001-12-27,1251.16,0
IN,920826,2000,250/500,2005-04-07,1586.41,0
IL,534982,2000,500/1000,2003-04-08,1526.11,5000000
IN,110408,1000,100/300,2005-11-14,1028.44,0
IL,283052,1000,100/300,2005-01-07,1555.94,0
IN,840806,2000,500/1000,1994-02-14,1570.77,0
OH,382394,2000,100/300,1996-01-23,1170.53,0
OH,876699,1000,250/500,1999-12-12,1099.95,0
IL,871432,2000,250/500,2004-07-15,1472.43,0
IL,379882,500,250/500,2012-11-07,1275.62,0
IL,852002,1000,250/500,2009-06-29,1292.3,0
IN,372891,2000,250/500,2000-06-26,1009.37,0
OH,689034,500,500/1000,2002-01-09,1093.07,4000000
OH,743092,1000,250/500,2013-11-11,1325.44,7000000
IL,599174,2000,100/300,2008-01-14,1017.18,0
OH,421092,1000,100/300,2003-03-04,1221.17,0
IN,349658,500,100/300,1994-06-07,1927.87,0
IN,811042,1000,250/500,2013-07-04,978.27,0
IN,505316,2000,100/300,2002-06-30,1221.14,0
OH,116645,2000,100/300,2004-06-30,1255.62,0
IN,950880,500,250/500,1998-12-19,999.52,0
OH,788502,500,250/500,2014-08-31,1380.89,0
IN,627486,500,500/1000,2005-11-10,1010.77,0
OH,498842,500,100/300,2000-05-04,1205.86,0
IL,550294,1000,500/1000,2001-11-26,1526.61,0
IL,328387,1000,100/300,2014-05-06,1496.44,0
IL,540152,500,100/300,1991-01-27,1256.2,0
IL,385932,500,100/300,1992-04-28,1268.35,0
IN,618682,2000,500/1000,2000-03-04,1421.59,0
IL,550930,500,500/1000,1995-10-12,1500.04,6000000
IL,998192,500,100/300,2014-04-25,1433.24,0
IN,663938,2000,100/300,2011-01-26,1231.25,0
IN,756870,500,500/1000,1996-01-26,1135.43,0
OH,337158,2000,250/500,1991-04-08,945.73,5000000
IN,919875,2000,100/300,2002-06-29,1118.76,0
IN,315631,2000,500/1000,1999-04-09,1231.98,0
IN,113464,2000,500/1000,2009-04-19,1005.47,0
OH,556415,2000,100/300,1991-08-22,1108.97,0
IN,250249,500,100/300,1991-11-28,1392.39,5000000
IN,403776,2000,100/300,2012-04-27,1317.97,0
IN,396002,1000,250/500,2007-03-04,1588.22,0
IL,976908,500,250/500,2012-12-31,900.02,6000000
OH,509489,1000,100/300,2013-12-21,1744.64,3000000
OH,485295,1000,250/500,2005-04-28,1260.56,0
OH,361829,2000,500/1000,1994-09-17,1021.14,0
OH,603632,2000,250/500,2003-08-16,1285.09,0
OH,783494,500,100/300,2014-09-02,1537.07,3000000
IN,439049,1000,100/300,2011-12-12,1022.42,0
OH,502634,2000,100/300,1991-08-17,1558.86,0
OH,378588,500,500/1000,2004-02-29,1757.87,0
IN,794731,1000,250/500,2015-02-22,973.5,0
OH,641934,500,500/1000,2013-12-25,1430.8,0
IL,113516,500,500/1000,1990-10-13,1192.27,0
IL,425631,500,250/500,2014-07-05,1163.83,0
OH,542245,1000,500/1000,1991-11-25,1003.15,0
OH,512894,2000,250/500,1990-10-02,1153.54,6000000
IL,633090,1000,100/300,2009-02-17,1631.1,0
IL,464234,1000,500/1000,2005-07-17,1252.48,0
IN,290162,1000,100/300,1994-03-12,1677.26,0
IL,638155,1000,250/500,1994-08-03,979.73,0
IN,911429,500,250/500,2012-08-25,989.24,0
IL,106186,1000,500/1000,2011-12-02,1389.86,0
OH,311783,500,100/300,2005-02-25,1233.85,0
IL,528385,500,500/1000,1997-11-07,1320.39,0
IN,228403,1000,100/300,2004-04-20,1435.09,0
IN,209177,500,500/1000,2009-11-17,1448.54,0
OH,497929,500,250/500,2009-09-19,1733.56,0
IN,735844,500,100/300,2009-11-08,1533.07,0
IL,710741,500,100/300,2001-09-12,1106.77,0
IL,276804,500,100/300,1992-11-27,995.7,5000000
IL,507545,1000,250/500,1998-12-07,1298.85,6000000
OH,485642,1000,250/500,1990-08-25,1276.73,5000000
OH,796375,2000,250/500,2011-10-22,1202.28,0
IN,171183,500,100/300,1990-02-01,671.92,0
IL,110084,1000,250/500,1990-11-27,1358.03,0
IN,714784,1000,250/500,2004-07-16,1008.79,4000000
OH,143924,1000,100/300,1993-12-10,1141.1,0
OH,996850,1000,100/300,1995-03-08,1397.0,0
OH,284834,1000,500/1000,2009-08-03,1664.66,0
IN,830878,1000,250/500,1996-11-03,1151.39,4000000
OH,270208,2000,100/300,2004-08-09,1546.01,0
IL,407958,500,250/500,1991-07-20,1063.67,0
IN,832300,1000,100/300,2005-01-14,709.14,0
IL,927205,500,250/500,2011-12-16,1039.55,0
IL,655356,500,250/500,1996-07-07,1339.39,0
IN,831053,1000,250/500,1992-08-05,1202.75,0
IL,432740,2000,100/300,1990-10-09,1081.17,0
IL,893853,500,250/500,1994-02-27,991.39,0
IN,594988,500,500/1000,2007-05-06,984.02,0
IL,979544,500,100/300,2014-04-21,1354.83,0
OH,191891,1000,100/300,2010-02-11,830.31,0
IL,831479,2000,100/300,2000-06-04,987.42,7000000
OH,714346,500,500/1000,1991-10-05,1119.29,0
OH,326289,500,100/300,2004-01-03,1048.39,0
OH,944537,1000,500/1000,1992-07-23,1074.47,0
IL,779156,1000,500/1000,1993-10-10,1230.76,0
OH,856153,500,500/1000,2002-07-09,1255.02,0
IN,473338,1000,100/300,2010-11-14,1555.52,0
IL,521694,2000,100/300,1997-03-03,836.11,5000000
IN,136520,500,100/300,1997-03-01,1450.98,0
IN,730819,2000,250/500,1990-08-18,625.08,0
IL,912665,2000,100/300,2014-05-28,1133.27,0
IN,469966,500,500/1000,2004-07-22,1366.6,0
OH,952300,1000,500/1000,2009-08-02,1439.9,6000000
OH,322609,1000,500/1000,2007-07-05,1230.69,0
OH,890280,2000,100/300,2010-01-24,1307.68,0
IL,431583,2000,500/1000,2000-05-15,1124.69,0
OH,155912,1000,100/300,2008-03-21,1520.78,0
OH,110143,2000,100/300,1990-05-07,1609.11,0
IL,808544,1000,500/1000,1991-02-05,1358.91,0
OH,409074,500,500/1000,1992-03-19,1295.87,0
IL,824728,500,250/500,2013-04-24,1161.03,5000000
OH,606037,2000,500/1000,2009-04-10,1441.06,0
OH,636843,1000,100/300,2008-12-01,1097.99,0
IL,111874,1000,500/1000,2000-07-05,1464.42,0
IL,439844,500,250/500,2014-06-11,1543.68,0
IL,463513,500,250/500,1995-04-23,1390.89,5000000
OH,577858,2000,100/300,1990-09-16,1148.58,0
IN,607351,500,250/500,1998-12-11,1616.26,0
IL,682754,500,500/1000,1995-10-09,1398.94,0
OH,757352,1000,500/1000,1999-12-21,1238.92,0
IL,307469,1000,100/300,2002-07-28,968.46,0
IL,526296,500,100/300,1993-08-03,1045.12,0
IN,658816,1000,100/300,2007-12-16,1537.33,0
OH,913337,500,500/1000,2008-02-10,912.3,0
OH,488464,2000,100/300,2006-10-01,1007.28,6000000
IN,480094,1000,500/1000,2003-03-09,1189.98,4000000
OH,263108,1000,250/500,2003-05-29,1576.41,0
OH,298412,500,100/300,2002-05-06,1172.82,4000000
IL,261905,500,500/1000,2004-02-28,1312.22,9000000
OH,674485,1000,500/1000,1999-01-14,671.01,7000000
IL,223404,500,250/500,2002-01-23,895.14,0
IN,991480,2000,100/300,1992-12-09,1373.21,0
OH,804219,1000,250/500,1998-06-24,1625.65,0
OH,483088,2000,250/500,2011-01-06,1295.63,4000000
IL,100804,1000,100/300,2012-02-24,1459.96,6000000
OH,941807,500,100/300,2011-06-25,1219.94,7000000
OH,593466,500,500/1000,2006-11-21,1064.49,5000000
IL,437442,1000,100/300,2008-06-27,959.83,0
OH,942106,2000,250/500,1993-08-30,1767.02,0
IN,794951,500,500/1000,2008-04-21,1285.01,0
OH,182450,2000,500/1000,2000-06-23,1422.95,0
IN,730973,2000,100/300,2010-01-11,1223.39,0
IL,687755,2000,500/1000,1990-03-28,1539.06,0
IN,757644,2000,100/300,1998-01-29,988.06,0
IL,998865,1000,500/1000,2014-12-05,1740.57,0
OH,944953,1000,250/500,1995-12-07,1540.91,7000000
IL,386429,500,250/500,2002-05-27,1381.88,5000000
OH,108270,500,100/300,2002-08-09,1446.98,0
IN,205134,500,500/1000,2012-12-02,1220.86,0
IL,749325,500,500/1000,2000-03-22,948.1,0
OH,774303,500,100/300,2002-04-13,1471.24,0
IN,698470,2000,100/300,2008-06-17,1157.97,0
IL,719989,2000,250/500,1994-04-07,566.11,5000000
OH,309323,500,500/1000,1992-02-29,1060.88,0
OH,444035,1000,250/500,1996-05-11,1524.45,4000000
IN,431478,1000,250/500,2013-04-03,1556.17,0
OH,797634,500,500/1000,2009-11-12,1216.24,0
IN,284836,500,250/500,2008-11-05,1484.72,5000000
IL,238196,500,250/500,1993-02-15,1203.81,0
IN,885789,1000,250/500,2008-07-21,1393.34,0
OH,287436,1000,100/300,2010-09-11,1484.48,0
IL,496067,500,250/500,1995-12-22,1581.27,5000000
IL,206004,1000,250/500,1991-09-26,1281.25,0
IN,153027,500,250/500,2010-03-11,1667.83,0
OH,469426,1000,250/500,1990-07-15,1497.41,0
OH,654974,500,100/300,2009-05-10,803.36,0
OH,943425,2000,250/500,1999-10-28,1221.41,0
OH,641845,500,250/500,1995-03-30,1865.83,5000000
OH,794534,2000,250/500,1991-12-14,1434.27,0
IN,357808,500,500/1000,2011-01-31,1114.68,0
OH,536052,2000,250/500,2006-04-21,1218.56,0
IL,873384,2000,250/500,2004-03-10,1234.69,9000000
OH,790225,500,250/500,1991-01-05,964.92,0
IL,587498,500,500/1000,1996-10-15,1351.72,0
IL,639027,1000,250/500,1994-06-21,817.28,0
IL,217899,1000,500/1000,1994-06-13,1389.59,0
IN,589094,1000,250/500,2003-05-27,1353.53,0
IN,458829,1000,500/1000,1996-07-06,1294.04,0
OH,626208,1000,100/300,2005-05-08,840.81,0
OH,315041,2000,100/300,2010-11-02,998.19,0
OH,283267,2000,100/300,2012-07-29,1090.32,0
IN,442494,500,500/1000,2002-06-06,1780.67,0
IL,159243,2000,250/500,1991-09-19,1681.01,0
OH,669800,1000,250/500,2009-06-24,1395.77,0
OH,520179,2000,500/1000,1992-05-29,1471.44,5000000
IL,607974,500,500/1000,2004-08-12,1265.72,0
IN,465065,1000,250/500,2006-12-24,1274.7,5000000
OH,369941,500,100/300,2007-07-24,1330.39,0
OH,447226,500,500/1000,1994-08-17,1122.95,4000000
OH,831668,2000,250/500,1996-04-10,1655.79,0
IN,922937,1000,250/500,1992-12-11,935.77,0
IN,640474,2000,500/1000,2010-08-01,1192.04,0
OH,153298,500,100/300,2009-03-23,990.11,0
OH,334749,2000,100/300,1996-07-29,1422.21,0
OH,221283,500,500/1000,1994-08-23,914.85,0
IL,961496,500,250/500,1992-01-05,1123.84,0
OH,804751,2000,250/500,1997-09-11,838.02,0
OH,369226,500,250/500,2002-02-10,1300.68,0
IN,691115,500,500/1000,1993-01-28,1173.21,0
IL,713172,1000,250/500,1996-10-23,985.97,5000000
IN,621756,1000,100/300,1997-04-21,1129.23,0
IN,615116,500,250/500,2008-11-09,1194.83,0
IN,947598,1000,100/300,2002-06-20,1114.29,0
OH,658002,2000,250/500,2005-10-21,1509.04,0
IN,374545,500,250/500,2005-08-28,664.86,0
IN,805806,1000,250/500,2013-01-16,1267.4,6000000
IL,235097,1000,100/300,1992-04-28,1119.23,0
OH,290971,500,100/300,2005-10-10,1698.51,0
IL,180286,1000,500/1000,2009-02-08,1422.78,0
OH,662088,500,500/1000,2005-03-06,1212.75,0
IN,884365,1000,100/300,1994-05-17,1423.34,0
IN,178081,1000,250/500,1990-07-20,976.37,0
OH,507452,500,250/500,2005-04-17,1124.59,6000000
IN,990624,1000,250/500,1994-02-10,1569.33,0
IN,892148,500,500/1000,1995-03-29,1359.36,5000000
IN,398683,500,250/500,2007-04-30,1607.36,0
IL,605100,500,100/300,2001-02-15,1042.25,0
OH,143109,500,250/500,2001-07-09,1453.95,0
IL,230223,500,500/1000,2008-09-06,1969.63,0
IL,769602,1000,100/300,2004-12-19,1156.19,0
IL,420815,2000,100/300,2000-11-15,1124.47,0
OH,973546,500,500/1000,2007-03-14,1493.5,5000000
IL,608039,500,100/300,2004-12-28,1155.38,0
IL,250162,500,250/500,1999-07-05,878.19,0
IN,786432,2000,100/300,1997-11-15,1145.85,0
IN,445195,500,100/300,2010-09-27,1261.28,0
IL,938634,500,100/300,1993-08-30,1427.46,0
IL,482495,500,500/1000,1998-01-29,1592.41,0
OH,796005,1000,250/500,2007-08-18,1274.63,0
IN,910604,500,250/500,1992-04-14,1362.31,0
OH,327488,1000,250/500,1993-08-09,919.37,0
OH,715202,1000,250/500,1991-04-02,1377.23,0
IL,648852,1000,100/300,2007-03-15,995.55,5000000
IL,516959,500,100/300,2010-05-01,1508.12,6000000
IN,984456,500,500/1000,2003-06-24,484.67,0
IN,801331,1000,500/1000,1990-07-08,1561.41,0
OH,786103,500,100/300,1994-09-24,1457.21,0
IL,684193,1000,500/1000,2012-06-20,1128.71,0
IL,247505,500,100/300,2006-04-19,1358.2,0
IL,259792,1000,100/300,1999-04-07,1232.79,0
IL,185124,1000,100/300,2001-12-07,936.19,0
IL,760700,500,250/500,2006-11-25,1302.34,0
IN,362407,500,100/300,1996-12-06,1264.99,0
OH,389525,500,500/1000,2012-07-10,1467.76,0
IN,179538,2000,250/500,2014-04-07,1124.43,0
IL,265437,1000,250/500,2003-10-11,1319.81,0
IN,266247,2000,100/300,2015-01-17,1482.53,0
IN,921851,1000,100/300,1992-12-07,1328.18,0
IN,488724,500,100/300,2004-11-29,1463.95,0
IL,192524,2000,100/300,2004-01-02,1133.85,0
IN,338070,1000,500/1000,2006-01-25,1037.32,0
IN,865607,1000,250/500,1993-04-18,1562.8,0
IN,963285,1000,100/300,2006-12-09,1425.79,0
OH,728491,2000,500/1000,1997-08-30,1615.14,0
IL,553436,500,250/500,1991-06-03,1236.5,0
IL,440616,2000,500/1000,1995-09-06,1017.97,0
IN,463237,2000,100/300,2000-02-09,1306.0,0
IL,753452,2000,500/1000,1996-07-23,1174.14,0
IN,920554,1000,500/1000,2005-09-21,1231.01,0
IL,594783,500,250/500,2011-12-30,1299.18,0
IN,725330,500,100/300,1996-07-21,1469.75,0
OH,607259,500,250/500,1996-04-08,1390.72,0
IL,979336,500,500/1000,2001-03-04,1694.09,7000000
OH,865201,2000,100/300,2001-10-19,1140.15,0
IN,140977,1000,100/300,2006-08-18,1310.71,0
IL,787351,2000,250/500,2013-04-28,1730.49,7000000
IN,272330,500,250/500,2009-11-29,1616.65,7000000
IN,728025,500,100/300,1990-02-15,1935.85,4000000
OH,804608,1000,250/500,2002-04-12,855.14,0
OH,718829,2000,250/500,1999-02-21,1568.47,4000000
IN,482404,2000,500/1000,2011-06-18,1550.53,0
IL,331170,2000,250/500,1995-03-26,1370.92,0
IN,753056,500,250/500,1991-05-03,1363.59,0
IN,910365,1000,250/500,2001-12-19,828.42,3000000
IN,379268,500,250/500,2012-08-05,1209.63,0
OH,362843,2000,250/500,2004-08-09,1111.17,0
IN,135400,500,500/1000,2014-01-20,989.97,0
IN,798579,1000,250/500,2011-12-19,1114.23,0
IN,250833,2000,250/500,2008-07-28,1347.31,0
IL,824116,2000,250/500,1998-05-05,1687.53,0
IN,322613,1000,250/500,1995-04-16,1183.48,0
IL,871305,2000,500/1000,1992-02-14,1537.13,0
OH,488037,1000,250/500,2007-07-11,1173.25,0
IN,485813,1000,250/500,2010-04-07,1361.16,4000000
OH,886473,2000,500/1000,1991-03-10,1422.56,7000000
IL,907113,2000,500/1000,1996-01-20,1143.06,0
IN,833321,500,250/500,2010-03-01,1405.71,0
IL,521592,500,100/300,2014-06-15,1354.2,0
IN,254837,500,100/300,2004-11-25,1055.6,0
IL,634499,1000,250/500,2000-08-26,999.43,0
IN,574707,2000,250/500,2005-08-23,1155.97,0
IL,476839,1000,250/500,1990-08-09,1726.91,0
IN,149601,500,500/1000,2003-03-28,1232.57,0
OH,630683,500,250/500,2007-10-23,1078.65,0
OH,500639,1000,500/1000,1996-06-27,1324.78,0
IN,352120,500,250/500,1994-12-11,1518.54,0
IL,569245,2000,100/300,1995-12-05,1239.06,0
OH,907012,2000,500/1000,1996-12-15,1246.68,0
OH,700074,1000,250/500,2011-06-06,1622.67,0
OH,866805,500,250/500,1995-12-13,1082.36,0
OH,951863,1000,250/500,1997-10-28,1270.55,0
IL,211578,1000,500/1000,1996-01-04,1236.32,5000000
IL,357394,2000,250/500,2008-05-09,785.82,0
IN,863749,500,250/500,2009-12-05,1265.84,0
IN,596914,500,250/500,1992-01-05,1508.9,0
OH,684653,2000,250/500,1997-11-15,1106.84,0
IN,528259,2000,500/1000,2012-12-22,1389.13,7000000
IN,797636,1000,100/300,1992-05-19,974.84,0
IL,326180,2000,100/300,2002-05-25,1304.46,0
OH,620075,500,250/500,2010-04-21,1257.36,0
OH,965187,500,250/500,1990-03-26,1257.04,0
OH,516182,2000,100/300,2007-05-12,719.52,0
OH,728839,2000,500/1000,2001-01-02,1524.18,0
IN,771509,500,500/1000,2006-08-10,1395.58,0
IL,264221,1000,500/1000,2014-07-28,1243.68,0
OH,602704,1000,500/1000,2011-09-27,1189.04,0
IN,672416,2000,500/1000,2013-04-20,1375.29,0
IN,545506,500,100/300,1991-03-20,1389.13,0
OH,777533,1000,500/1000,2002-12-21,1387.51,0
IN,953334,1000,100/300,2005-12-03,1178.61,7000000
IL,369781,2000,250/500,2011-05-25,1166.62,6000000
IN,990998,1000,100/300,2006-10-18,1556.31,0
OH,982678,500,250/500,2006-07-19,1452.27,0
OH,646069,1000,500/1000,2002-06-08,1212.07,0
OH,331683,2000,100/300,2009-02-12,1578.54,0
IN,364055,500,500/1000,2001-05-14,1488.26,0
IN,521854,1000,250/500,2001-02-16,1096.39,0
OH,737252,2000,500/1000,1993-11-18,1215.36,0
OH,344480,2000,100/300,1990-02-18,1482.57,0
OH,898519,1000,250/500,2000-05-21,954.18,0
IL,957816,2000,500/1000,2012-08-26,1193.4,0
IN,175960,1000,100/300,2004-11-16,1023.11,0
IL,489618,1000,500/1000,2003-01-23,1524.45,0
OH,717044,1000,500/1000,2008-11-07,1653.32,0
IL,101421,1000,250/500,1999-10-19,1022.46,0
IL,793948,2000,100/300,1990-12-20,1396.43,0
IL,737483,500,250/500,1996-02-14,1521.55,0
IN,695117,1000,100/300,2001-06-10,1034.27,0
OH,167466,1000,100/300,2010-03-17,1255.35,0
IL,664732,2000,500/1000,2003-07-30,1396.89,6000000
OH,143038,500,500/1000,2014-09-17,795.31,0
IN,979963,500,100/300,2009-06-03,982.22,0
IN,467841,500,500/1000,1994-10-11,1074.07,0
OH,219028,1000,100/300,1991-07-18,1311.3,0
IL,130156,2000,250/500,2001-09-24,1277.12,0
IN,762951,500,500/1000,2012-09-19,1388.62,0
IL,376879,1000,100/300,1991-07-11,1406.52,8000000
IN,599031,500,100/300,1991-10-29,1558.29,0
IN,676255,1000,500/1000,1999-12-28,1132.47,4000000
OH,985446,2000,250/500,2012-10-11,1896.91,0
IL,884180,500,500/1000,1995-08-19,1143.46,4000000
IN,571462,500,500/1000,1991-02-11,1285.42,0
OH,815883,2000,250/500,1991-07-02,1305.26,0
IL,258265,1000,100/300,1994-04-10,1073.83,0
OH,569714,1000,500/1000,2005-12-04,1051.67,0
IL,180008,1000,250/500,2014-07-16,1387.35,0
IL,633375,500,250/500,2003-09-17,1083.64,0
IL,556538,1000,250/500,2000-07-15,1851.78,0
IN,669501,500,250/500,2009-07-29,1270.29,4000000
OH,963761,500,500/1000,1991-04-13,1459.99,0
IL,753005,2000,100/300,2005-11-20,1253.44,0
IN,454758,1000,100/300,1990-05-20,1142.48,0
IL,698589,1000,500/1000,2002-11-28,1188.45,0
IL,330119,1000,500/1000,2004-06-15,1125.4,0
OH,164464,500,250/500,2010-09-26,1294.41,0
IN,927354,500,100/300,1990-09-15,1459.5,0
IL,231508,500,100/300,2009-09-16,1367.99,0
IN,272910,500,250/500,1999-08-12,1594.37,0
IL,305758,500,100/300,2009-03-08,1035.99,0
OH,950542,500,250/500,2009-04-27,911.53,0
OH,291544,500,500/1000,2006-08-02,1319.97,0
OH,388616,2000,250/500,1995-12-06,1391.63,0
IN,577992,500,250/500,2002-11-13,915.41,5000000
IL,342830,1000,500/1000,1991-11-09,1468.82,0
IN,491170,500,500/1000,1998-01-14,1412.76,0
OH,175553,500,500/1000,2002-04-25,1588.26,0
IN,439341,1000,100/300,1991-07-20,1140.91,0
OH,221186,1000,100/300,2004-08-13,1517.54,0
OH,868031,2000,250/500,1990-06-24,912.29,0
OH,844117,2000,250/500,1991-08-21,1144.3,0
IN,744557,1000,500/1000,2011-02-25,1281.43,0
IL,159536,2000,100/300,2013-02-04,1101.85,0
IN,727109,2000,500/1000,2001-02-20,1082.1,0
OH,155604,500,500/1000,1992-03-03,1185.44,0
IL,608443,2000,500/1000,2006-12-21,1175.07,0
OH,117862,2000,500/1000,2000-07-14,979.26,0
OH,991553,500,250/500,1991-12-12,920.81,0
OH,727443,500,100/300,2013-07-01,922.85,0
OH,378587,2000,250/500,1998-12-16,1107.59,3000000
IL,420948,500,100/300,2015-01-03,1272.46,0
IL,457188,1000,250/500,1994-04-01,1340.24,0
OH,118236,1000,100/300,2000-08-15,1648.0,0
IL,987524,500,250/500,2014-11-13,1381.14,0
IL,490596,500,500/1000,2011-02-04,1198.44,8000000
OH,524215,2000,250/500,1990-06-24,951.27,0
IN,913464,2000,500/1000,2009-01-21,1341.24,0
IL,398484,2000,250/500,1992-11-07,1177.57,0
IN,752504,1000,250/500,1997-05-15,1055.09,0
IL,449263,500,250/500,1992-03-20,1479.48,0
IN,844007,2000,500/1000,1995-07-17,1827.38,0
IN,686522,500,100/300,2000-12-27,1169.62,0
IN,670142,500,100/300,1999-08-06,1516.34,0
OH,607687,2000,500/1000,2007-03-03,1270.21,0
IL,967713,500,250/500,1997-12-25,809.11,0
IL,291902,1000,500/1000,2013-11-06,1115.81,0
OH,149839,1000,100/300,1990-09-21,1457.65,5000000
OH,840225,1000,100/300,1999-10-05,1041.36,0
OH,643226,1000,250/500,1992-04-07,1693.83,7000000
IN,535879,1000,100/300,2009-03-05,1685.69,0
IN,746630,500,250/500,1997-02-10,1054.92,6000000
IN,598308,2000,250/500,1992-01-28,1333.97,6000000
OH,720356,1000,100/300,2013-09-16,1013.61,6000000
IL,724752,500,500/1000,2008-05-16,958.3,0
IN,148498,2000,250/500,2002-01-04,1112.04,6000000
IN,110122,2000,250/500,2002-04-02,1206.26,0
IL,281388,1000,500/1000,1998-07-16,763.67,0
IL,728600,500,250/500,2002-08-15,1042.56,0
IL,231548,2000,100/300,1999-09-07,1263.48,4000000
IL,531160,500,250/500,2012-01-12,1006.99,6000000
OH,889003,1000,250/500,1996-08-18,1328.26,0
OH,193213,1000,100/300,1996-03-11,1250.08,5000000
IL,557218,500,500/1000,1997-11-23,982.7,6000000
IN,125591,1000,500/1000,2013-08-08,1412.06,5000000
IN,227244,2000,500/1000,1996-11-30,1066.7,0
IN,791425,2000,250/500,1997-06-18,1585.54,0
IN,354455,1000,250/500,2007-04-19,1416.08,0
OH,601042,500,250/500,2007-09-19,1246.03,0
IN,433663,2000,500/1000,1996-12-21,1356.64,0
IL,471938,2000,100/300,2008-02-03,1387.7,4000000
OH,564654,1000,100/300,2003-07-16,1004.14,0
OH,645723,500,500/1000,1991-05-05,1107.07,0
IL,573572,500,100/300,1991-06-16,1429.96,0
IN,437960,1000,250/500,2001-04-03,1074.99,0
OH,649800,1000,500/1000,2014-03-16,1007.0,0
OH,544225,500,100/300,2010-08-03,1052.85,0
IN,390256,1000,500/1000,2009-11-25,1200.33,4000000
IL,488597,1000,100/300,2001-05-08,1343.0,0
OH,133889,2000,250/500,2004-06-14,1441.6,5000000
OH,931901,1000,100/300,1994-08-07,1433.42,6000000
OH,769475,2000,500/1000,2004-08-26,1368.57,0
OH,844062,500,250/500,1990-05-25,862.19,0
OH,844129,500,250/500,1990-09-20,871.46,0
OH,732169,500,500/1000,2000-11-05,1863.04,0
OH,221854,2000,250/500,1994-10-03,1181.64,0
IL,776950,1000,500/1000,2005-04-11,1060.74,0
IN,291006,500,100/300,1990-05-16,951.56,0
IN,845751,500,100/300,2004-09-11,1533.71,9000000
OH,889764,1000,500/1000,1993-11-30,1200.09,0
IN,929306,500,100/300,2003-03-06,1093.83,4000000
IN,515457,1000,250/500,1996-12-18,988.93,0
IN,556270,1000,500/1000,1995-02-21,1331.94,0
IL,908935,1000,500/1000,2009-12-11,1361.45,0
OH,525862,2000,250/500,2000-10-18,1188.51,0
IN,490514,2000,500/1000,2007-02-09,1101.83,0
IL,774895,1000,250/500,2006-10-28,840.95,0
IN,974522,1000,250/500,2000-01-27,1503.21,0
OH,669809,1000,100/300,2002-04-05,1722.5,0
IN,182953,500,100/300,2013-04-30,944.03,0
IL,836349,2000,500/1000,2013-05-01,1453.61,4000000
IN,591269,500,100/300,1999-01-09,1672.88,0
IN,550127,1000,250/500,2007-07-04,1248.05,0
IL,663190,500,100/300,1994-02-05,1564.43,3000000
OH,109392,1000,100/300,2006-07-12,1280.88,0
IN,215278,500,100/300,2007-10-24,722.66,0
OH,674570,1000,250/500,2001-12-08,1235.14,0
IN,681486,1000,500/1000,2007-03-24,1347.04,0
OH,941851,1000,500/1000,1991-07-16,1310.8,0
IL,186934,1000,100/300,2014-01-05,1436.79,0
OH,918516,500,250/500,2003-02-17,1383.49,3000000
IL,533940,2000,500/1000,2011-11-18,1356.92,5000000
OH,556080,1000,250/500,1996-11-11,766.19,0
